--
-- PostgreSQL database dump
--

-- Dumped from database version 16.9 (Debian 16.9-1.pgdg120+1)
-- Dumped by pg_dump version 16.9 (Ubuntu 16.9-1.pgdg22.04+1)

SET statement_timeout = 0;
SET lock_timeout = 0;
SET idle_in_transaction_session_timeout = 0;
SET client_encoding = 'UTF8';
SET standard_conforming_strings = on;
SELECT pg_catalog.set_config('search_path', '', false);
SET check_function_bodies = false;
SET xmloption = content;
SET client_min_messages = warning;
SET row_security = off;

--
-- Name: public; Type: SCHEMA; Schema: -; Owner: -
--

-- *not* creating schema, since initdb creates it


SET default_tablespace = '';

SET default_table_access_method = heap;

--
-- Name: auth_group; Type: TABLE; Schema: public; Owner: -
--

CREATE TABLE public.auth_group (
    id integer NOT NULL,
    name character varying(150) NOT NULL
);


--
-- Name: auth_group_id_seq; Type: SEQUENCE; Schema: public; Owner: -
--

ALTER TABLE public.auth_group ALTER COLUMN id ADD GENERATED BY DEFAULT AS IDENTITY (
    SEQUENCE NAME public.auth_group_id_seq
    START WITH 1
    INCREMENT BY 1
    NO MINVALUE
    NO MAXVALUE
    CACHE 1
);


--
-- Name: auth_group_permissions; Type: TABLE; Schema: public; Owner: -
--

CREATE TABLE public.auth_group_permissions (
    id bigint NOT NULL,
    group_id integer NOT NULL,
    permission_id integer NOT NULL
);


--
-- Name: auth_group_permissions_id_seq; Type: SEQUENCE; Schema: public; Owner: -
--

ALTER TABLE public.auth_group_permissions ALTER COLUMN id ADD GENERATED BY DEFAULT AS IDENTITY (
    SEQUENCE NAME public.auth_group_permissions_id_seq
    START WITH 1
    INCREMENT BY 1
    NO MINVALUE
    NO MAXVALUE
    CACHE 1
);


--
-- Name: auth_permission; Type: TABLE; Schema: public; Owner: -
--

CREATE TABLE public.auth_permission (
    id integer NOT NULL,
    name character varying(255) NOT NULL,
    content_type_id integer NOT NULL,
    codename character varying(100) NOT NULL
);


--
-- Name: auth_permission_id_seq; Type: SEQUENCE; Schema: public; Owner: -
--

ALTER TABLE public.auth_permission ALTER COLUMN id ADD GENERATED BY DEFAULT AS IDENTITY (
    SEQUENCE NAME public.auth_permission_id_seq
    START WITH 1
    INCREMENT BY 1
    NO MINVALUE
    NO MAXVALUE
    CACHE 1
);


--
-- Name: auth_user; Type: TABLE; Schema: public; Owner: -
--

CREATE TABLE public.auth_user (
    id integer NOT NULL,
    password character varying(128) NOT NULL,
    last_login timestamp with time zone,
    is_superuser boolean NOT NULL,
    username character varying(150) NOT NULL,
    first_name character varying(150) NOT NULL,
    last_name character varying(150) NOT NULL,
    email character varying(254) NOT NULL,
    is_staff boolean NOT NULL,
    is_active boolean NOT NULL,
    date_joined timestamp with time zone NOT NULL
);


--
-- Name: auth_user_groups; Type: TABLE; Schema: public; Owner: -
--

CREATE TABLE public.auth_user_groups (
    id bigint NOT NULL,
    user_id integer NOT NULL,
    group_id integer NOT NULL
);


--
-- Name: auth_user_groups_id_seq; Type: SEQUENCE; Schema: public; Owner: -
--

ALTER TABLE public.auth_user_groups ALTER COLUMN id ADD GENERATED BY DEFAULT AS IDENTITY (
    SEQUENCE NAME public.auth_user_groups_id_seq
    START WITH 1
    INCREMENT BY 1
    NO MINVALUE
    NO MAXVALUE
    CACHE 1
);


--
-- Name: auth_user_id_seq; Type: SEQUENCE; Schema: public; Owner: -
--

ALTER TABLE public.auth_user ALTER COLUMN id ADD GENERATED BY DEFAULT AS IDENTITY (
    SEQUENCE NAME public.auth_user_id_seq
    START WITH 1
    INCREMENT BY 1
    NO MINVALUE
    NO MAXVALUE
    CACHE 1
);


--
-- Name: auth_user_user_permissions; Type: TABLE; Schema: public; Owner: -
--

CREATE TABLE public.auth_user_user_permissions (
    id bigint NOT NULL,
    user_id integer NOT NULL,
    permission_id integer NOT NULL
);


--
-- Name: auth_user_user_permissions_id_seq; Type: SEQUENCE; Schema: public; Owner: -
--

ALTER TABLE public.auth_user_user_permissions ALTER COLUMN id ADD GENERATED BY DEFAULT AS IDENTITY (
    SEQUENCE NAME public.auth_user_user_permissions_id_seq
    START WITH 1
    INCREMENT BY 1
    NO MINVALUE
    NO MAXVALUE
    CACHE 1
);


--
-- Name: django_admin_log; Type: TABLE; Schema: public; Owner: -
--

CREATE TABLE public.django_admin_log (
    id integer NOT NULL,
    action_time timestamp with time zone NOT NULL,
    object_id text,
    object_repr character varying(200) NOT NULL,
    action_flag smallint NOT NULL,
    change_message text NOT NULL,
    content_type_id integer,
    user_id integer NOT NULL,
    CONSTRAINT django_admin_log_action_flag_check CHECK ((action_flag >= 0))
);


--
-- Name: django_admin_log_id_seq; Type: SEQUENCE; Schema: public; Owner: -
--

ALTER TABLE public.django_admin_log ALTER COLUMN id ADD GENERATED BY DEFAULT AS IDENTITY (
    SEQUENCE NAME public.django_admin_log_id_seq
    START WITH 1
    INCREMENT BY 1
    NO MINVALUE
    NO MAXVALUE
    CACHE 1
);


--
-- Name: django_content_type; Type: TABLE; Schema: public; Owner: -
--

CREATE TABLE public.django_content_type (
    id integer NOT NULL,
    app_label character varying(100) NOT NULL,
    model character varying(100) NOT NULL
);


--
-- Name: django_content_type_id_seq; Type: SEQUENCE; Schema: public; Owner: -
--

ALTER TABLE public.django_content_type ALTER COLUMN id ADD GENERATED BY DEFAULT AS IDENTITY (
    SEQUENCE NAME public.django_content_type_id_seq
    START WITH 1
    INCREMENT BY 1
    NO MINVALUE
    NO MAXVALUE
    CACHE 1
);


--
-- Name: django_migrations; Type: TABLE; Schema: public; Owner: -
--

CREATE TABLE public.django_migrations (
    id bigint NOT NULL,
    app character varying(255) NOT NULL,
    name character varying(255) NOT NULL,
    applied timestamp with time zone NOT NULL
);


--
-- Name: django_migrations_id_seq; Type: SEQUENCE; Schema: public; Owner: -
--

ALTER TABLE public.django_migrations ALTER COLUMN id ADD GENERATED BY DEFAULT AS IDENTITY (
    SEQUENCE NAME public.django_migrations_id_seq
    START WITH 1
    INCREMENT BY 1
    NO MINVALUE
    NO MAXVALUE
    CACHE 1
);


--
-- Name: django_session; Type: TABLE; Schema: public; Owner: -
--

CREATE TABLE public.django_session (
    session_key character varying(40) NOT NULL,
    session_data text NOT NULL,
    expire_date timestamp with time zone NOT NULL
);


--
-- Name: kaileys_app_accessgrant; Type: TABLE; Schema: public; Owner: -
--

CREATE TABLE public.kaileys_app_accessgrant (
    id bigint NOT NULL,
    access_granted_at timestamp with time zone NOT NULL,
    expires_at timestamp with time zone NOT NULL,
    course_id bigint NOT NULL,
    trainee_id bigint NOT NULL,
    is_approved boolean NOT NULL
);


--
-- Name: kaileys_app_accessgrant_id_seq; Type: SEQUENCE; Schema: public; Owner: -
--

ALTER TABLE public.kaileys_app_accessgrant ALTER COLUMN id ADD GENERATED BY DEFAULT AS IDENTITY (
    SEQUENCE NAME public.kaileys_app_accessgrant_id_seq
    START WITH 1
    INCREMENT BY 1
    NO MINVALUE
    NO MAXVALUE
    CACHE 1
);


--
-- Name: kaileys_app_course; Type: TABLE; Schema: public; Owner: -
--

CREATE TABLE public.kaileys_app_course (
    id bigint NOT NULL,
    name character varying(100) NOT NULL
);


--
-- Name: kaileys_app_course_id_seq; Type: SEQUENCE; Schema: public; Owner: -
--

ALTER TABLE public.kaileys_app_course ALTER COLUMN id ADD GENERATED BY DEFAULT AS IDENTITY (
    SEQUENCE NAME public.kaileys_app_course_id_seq
    START WITH 1
    INCREMENT BY 1
    NO MINVALUE
    NO MAXVALUE
    CACHE 1
);


--
-- Name: kaileys_app_organization; Type: TABLE; Schema: public; Owner: -
--

CREATE TABLE public.kaileys_app_organization (
    id bigint NOT NULL,
    name character varying(255) NOT NULL,
    country character varying(100) NOT NULL
);


--
-- Name: kaileys_app_organization_id_seq; Type: SEQUENCE; Schema: public; Owner: -
--

ALTER TABLE public.kaileys_app_organization ALTER COLUMN id ADD GENERATED BY DEFAULT AS IDENTITY (
    SEQUENCE NAME public.kaileys_app_organization_id_seq
    START WITH 1
    INCREMENT BY 1
    NO MINVALUE
    NO MAXVALUE
    CACHE 1
);


--
-- Name: kaileys_app_trainee; Type: TABLE; Schema: public; Owner: -
--

CREATE TABLE public.kaileys_app_trainee (
    id bigint NOT NULL,
    phone_number character varying(20) NOT NULL,
    organization_id bigint NOT NULL,
    full_name character varying(255)
);


--
-- Name: kaileys_app_trainee_id_seq; Type: SEQUENCE; Schema: public; Owner: -
--

ALTER TABLE public.kaileys_app_trainee ALTER COLUMN id ADD GENERATED BY DEFAULT AS IDENTITY (
    SEQUENCE NAME public.kaileys_app_trainee_id_seq
    START WITH 1
    INCREMENT BY 1
    NO MINVALUE
    NO MAXVALUE
    CACHE 1
);


--
-- Data for Name: auth_group; Type: TABLE DATA; Schema: public; Owner: -
--

COPY public.auth_group (id, name) FROM stdin;
\.


--
-- Data for Name: auth_group_permissions; Type: TABLE DATA; Schema: public; Owner: -
--

COPY public.auth_group_permissions (id, group_id, permission_id) FROM stdin;
\.


--
-- Data for Name: auth_permission; Type: TABLE DATA; Schema: public; Owner: -
--

COPY public.auth_permission (id, name, content_type_id, codename) FROM stdin;
1	Can add log entry	1	add_logentry
2	Can change log entry	1	change_logentry
3	Can delete log entry	1	delete_logentry
4	Can view log entry	1	view_logentry
5	Can add permission	2	add_permission
6	Can change permission	2	change_permission
7	Can delete permission	2	delete_permission
8	Can view permission	2	view_permission
9	Can add group	3	add_group
10	Can change group	3	change_group
11	Can delete group	3	delete_group
12	Can view group	3	view_group
13	Can add user	4	add_user
14	Can change user	4	change_user
15	Can delete user	4	delete_user
16	Can view user	4	view_user
17	Can add content type	5	add_contenttype
18	Can change content type	5	change_contenttype
19	Can delete content type	5	delete_contenttype
20	Can view content type	5	view_contenttype
21	Can add session	6	add_session
22	Can change session	6	change_session
23	Can delete session	6	delete_session
24	Can view session	6	view_session
25	Can add course	7	add_course
26	Can change course	7	change_course
27	Can delete course	7	delete_course
28	Can view course	7	view_course
29	Can add organization	8	add_organization
30	Can change organization	8	change_organization
31	Can delete organization	8	delete_organization
32	Can view organization	8	view_organization
33	Can add access grant	9	add_accessgrant
34	Can change access grant	9	change_accessgrant
35	Can delete access grant	9	delete_accessgrant
36	Can view access grant	9	view_accessgrant
37	Can add access code	10	add_accesscode
38	Can change access code	10	change_accesscode
39	Can delete access code	10	delete_accesscode
40	Can view access code	10	view_accesscode
41	Can add trainee	11	add_trainee
42	Can change trainee	11	change_trainee
43	Can delete trainee	11	delete_trainee
44	Can view trainee	11	view_trainee
\.


--
-- Data for Name: auth_user; Type: TABLE DATA; Schema: public; Owner: -
--

COPY public.auth_user (id, password, last_login, is_superuser, username, first_name, last_name, email, is_staff, is_active, date_joined) FROM stdin;
1	pbkdf2_sha256$1000000$D4ZYMUxi7v6uZ4pB1mHTRW$aoiywq5wPxf57+6JZ/czm7gRrncV2MV8yXTbORSWNVw=	2025-06-16 07:07:08.143318+00	t	kaileys			kaileys@gmail.com	t	t	2025-05-26 12:11:44.038558+00
\.


--
-- Data for Name: auth_user_groups; Type: TABLE DATA; Schema: public; Owner: -
--

COPY public.auth_user_groups (id, user_id, group_id) FROM stdin;
\.


--
-- Data for Name: auth_user_user_permissions; Type: TABLE DATA; Schema: public; Owner: -
--

COPY public.auth_user_user_permissions (id, user_id, permission_id) FROM stdin;
\.


--
-- Data for Name: django_admin_log; Type: TABLE DATA; Schema: public; Owner: -
--

COPY public.django_admin_log (id, action_time, object_id, object_repr, action_flag, change_message, content_type_id, user_id) FROM stdin;
1	2025-05-26 12:40:18.765589+00	1	Tekuza (Kenya)	1	[{"added": {}}]	8	1
2	2025-05-26 12:40:31.980755+00	1	+254758862979 (Tekuza)	1	[{"added": {}}]	11	1
3	2025-05-26 12:40:46.184392+00	1	Fire Safety Training	1	[{"added": {}}]	7	1
4	2025-05-26 12:41:12.065848+00	1	Access: +254758862979 -> fire_safety (expires: 2027-05-26)	1	[{"added": {}}]	9	1
5	2025-05-26 12:41:39.80012+00	1	283E48AT | fire_safety @ Tekuza	1	[{"added": {}}]	10	1
6	2025-05-26 13:05:31.813533+00	1	283E48AT | fire_safety @ Tekuza	2	[]	10	1
7	2025-06-01 13:28:07.843402+00	2	Kakuzi (Kenya)	1	[{"added": {}}]	8	1
8	2025-06-01 13:28:11.875299+00	2	0706979169 (Kakuzi)	1	[{"added": {}}]	11	1
9	2025-06-01 13:28:25.579916+00	2	Safety and Health Committee Training	1	[{"added": {}}]	7	1
10	2025-06-01 13:28:42.112243+00	2	Access: 0706979169 -> safety_committee (expires: 2027-06-01)	1	[{"added": {}}]	9	1
11	2025-06-04 08:29:46.927687+00	2	Kakuzi (Kenya)	3		8	1
12	2025-06-04 08:43:11.744607+00	1	Tekuza (Kenya)	3		8	1
13	2025-06-04 08:43:25.585218+00	2	Safety and Health Committee Training	3		7	1
14	2025-06-04 08:43:25.585266+00	1	Fire Safety Training	3		7	1
15	2025-06-04 08:44:03.90236+00	3	Tekuza (Kenya)	1	[{"added": {}}, {"added": {"name": "trainee", "object": "+254758862979 (Tekuza)"}}]	8	1
16	2025-06-04 08:44:23.539971+00	3	Fire Safety Training	1	[{"added": {}}]	7	1
17	2025-06-04 08:44:40.531783+00	3	Access: +254758862979 -> fire_safety (expires: 2027-06-04)	1	[{"added": {}}]	9	1
18	2025-06-05 13:51:07.290058+00	6	None (+254714678907, Tekuza)	3		11	1
19	2025-06-05 13:51:07.290115+00	5	None (+254714678978, Kaku)	3		11	1
20	2025-06-05 13:51:07.290141+00	3	None (+254758862979, Tekuza)	3		11	1
21	2025-06-05 14:11:16.515486+00	7	Ochwada (+254714678907, Tekuza)	3		11	1
22	2025-06-05 14:11:16.515544+00	4	Ashly (+254714678907, Kaku)	3		11	1
23	2025-06-05 14:19:28.378572+00	8	Tracy (+254714678907, Tekuza)	3		11	1
24	2025-06-05 15:47:46.396526+00	10	Access: +254714678907 -> safety_committee (expires: 2027-06-05)	2	[{"changed": {"fields": ["Is approved"]}}]	9	1
25	2025-06-05 15:57:26.713703+00	9	Tracy (+254714678907, Tekuza)	3		11	1
26	2025-06-05 16:07:27.536005+00	10	Ashly (+254758862979, Tekuza)	3		11	1
27	2025-06-05 16:10:44.969508+00	12	Access: +254758862979 -> fire_safety (expires: 2027-06-05)	2	[{"changed": {"fields": ["Is approved"]}}]	9	1
28	2025-06-05 16:16:17.776382+00	13	Access: +254756678990 -> fire_safety (expires: 2027-06-05)	3		9	1
29	2025-06-05 16:18:48.044984+00	14	Access: +254756678990 -> fire_safety (expires: 2027-06-05)	3		9	1
30	2025-06-05 17:51:34.518052+00	16	Access: +254723345654 -> safety_committee (expires: 2027-06-05)	3		9	1
31	2025-06-05 17:51:34.518099+00	15	Access: +254723345678 -> safety_committee (expires: 2027-06-05)	3		9	1
32	2025-06-05 17:58:42.277223+00	17	Access: +254768899098 -> safety_committee (expires: 2027-06-05)	2	[{"changed": {"fields": ["Is approved"]}}]	9	1
33	2025-06-05 18:00:07.057422+00	17	Access: +254768899098 -> safety_committee (expires: 2027-06-05)	3		9	1
34	2025-06-05 18:00:07.05748+00	12	Access: +254758862979 -> fire_safety (expires: 2027-06-05)	3		9	1
35	2025-06-05 18:00:20.233544+00	15	Shee (+254768899098, Kuki)	3		11	1
36	2025-06-05 18:00:20.233604+00	14	Mansa (+254723345654, Tekuza)	3		11	1
37	2025-06-05 18:00:20.233628+00	13	Ashly Ochwada (+254723345678, Tekuza)	3		11	1
38	2025-06-05 18:00:20.233648+00	12	AshlyB (+254756678990, Tekuza)	3		11	1
39	2025-06-05 18:00:20.233665+00	11	Ashly (+254758862979, Tekuza)	3		11	1
40	2025-06-11 15:30:18.357663+00	20	Access: +254769989596 -> first_aid (expires: 2027-06-10)	2	[{"changed": {"fields": ["Is approved"]}}]	9	1
41	2025-06-11 15:55:23.716167+00	19	Access: +254719611883 -> fire_safety (expires: 2027-06-09)	2	[]	9	1
42	2025-06-11 15:55:38.579446+00	19	Access: +254719611883 -> fire_safety (expires: 2027-06-09)	2	[{"changed": {"fields": ["Is approved"]}}]	9	1
43	2025-06-11 15:55:46.438378+00	19	Access: +254719611883 -> fire_safety (expires: 2027-06-09)	2	[]	9	1
44	2025-06-11 15:57:05.01595+00	18	Access: +254706970169 -> safety_committee (expires: 2027-06-08)	2	[{"changed": {"fields": ["Is approved"]}}]	9	1
45	2025-06-11 17:22:57.332438+00	20	Access: +254769989596 -> first_aid (expires: 2027-06-10)	3		9	1
46	2025-06-11 17:23:13.76537+00	18	Titus Malo (+254769989596, Kuza)	3		11	1
47	2025-06-11 17:23:29.087232+00	8	Kuza (Kenya)	3		8	1
48	2025-06-11 17:23:29.087289+00	5	Kuki (Kenya)	3		8	1
49	2025-06-11 17:23:29.08731+00	4	Kaku (Kenya)	3		8	1
50	2025-06-11 17:23:29.087332+00	3	Tekuza (Kenya)	3		8	1
51	2025-06-11 19:26:12.432649+00	21	Access: +254704545223 -> safety_committee (expires: 2027-06-11)	2	[{"changed": {"fields": ["Is approved"]}}]	9	1
52	2025-06-11 20:50:29.614156+00	26	Access: +254720536020 -> first_aid (expires: 2027-06-11)	2	[{"changed": {"fields": ["Is approved"]}}]	9	1
53	2025-06-11 20:51:28.787083+00	25	Access: +254704545223 -> fire_safety (expires: 2027-06-11)	2	[{"changed": {"fields": ["Is approved"]}}]	9	1
54	2025-06-11 20:51:36.448479+00	24	Access: +254720536020 -> fire_safety (expires: 2027-06-11)	2	[{"changed": {"fields": ["Is approved"]}}]	9	1
55	2025-06-11 20:51:44.514855+00	23	Access: +254741233637 -> fire_safety (expires: 2027-06-11)	2	[{"changed": {"fields": ["Is approved"]}}]	9	1
56	2025-06-11 20:51:51.725293+00	22	Access: +254713623632 -> fire_safety (expires: 2027-06-11)	2	[{"changed": {"fields": ["Is approved"]}}]	9	1
57	2025-06-12 06:14:52.376048+00	27	Access: +254769905187 -> fire_safety (expires: 2027-06-12)	2	[{"changed": {"fields": ["Is approved"]}}]	9	1
58	2025-06-12 06:21:40.806781+00	28	Access: +254719611886 -> safety_committee (expires: 2027-06-12)	2	[{"changed": {"fields": ["Is approved"]}}]	9	1
59	2025-06-12 07:01:54.0539+00	29	Access: +254720536020 -> safety_committee (expires: 2027-06-12)	2	[{"changed": {"fields": ["Is approved"]}}]	9	1
60	2025-06-12 09:11:43.724644+00	30	Access: +254758241659 -> first_aid (expires: 2027-06-12)	2	[{"changed": {"fields": ["Is approved"]}}]	9	1
61	2025-06-12 09:48:30.04945+00	31	Access: +254758862979 -> fire_safety (expires: 2027-06-12)	2	[{"changed": {"fields": ["Is approved"]}}]	9	1
62	2025-06-12 10:22:51.827986+00	32	Access: +254724148939 -> first_aid (expires: 2027-06-12)	2	[{"changed": {"fields": ["Is approved"]}}]	9	1
63	2025-06-12 12:37:27.541166+00	41	Access: +254758862979 -> scaffolding_safety (expires: 2027-06-12)	3		9	1
64	2025-06-12 12:40:50.871397+00	42	Access: +254726923196 -> fire_safety (expires: 2027-06-12)	2	[{"changed": {"fields": ["Is approved"]}}]	9	1
65	2025-06-12 12:40:56.674039+00	40	Access: +254729205041 -> first_aid (expires: 2027-06-12)	2	[{"changed": {"fields": ["Is approved"]}}]	9	1
66	2025-06-12 12:41:02.850427+00	39	Access: +254113210164 -> first_aid (expires: 2027-06-12)	2	[{"changed": {"fields": ["Is approved"]}}]	9	1
67	2025-06-12 12:41:08.231526+00	38	Access: +254705113099 -> first_aid (expires: 2027-06-12)	2	[{"changed": {"fields": ["Is approved"]}}]	9	1
68	2025-06-12 12:41:15.435783+00	37	Access: +254720270776 -> first_aid (expires: 2027-06-12)	2	[{"changed": {"fields": ["Is approved"]}}]	9	1
69	2025-06-12 12:41:23.617163+00	36	Access: +254759422252 -> first_aid (expires: 2027-06-12)	2	[{"changed": {"fields": ["Is approved"]}}]	9	1
70	2025-06-12 12:41:31.868886+00	35	Access: +254113314980 -> first_aid (expires: 2027-06-12)	2	[{"changed": {"fields": ["Is approved"]}}]	9	1
71	2025-06-12 12:41:39.095162+00	34	Access: +254721705301 -> first_aid (expires: 2027-06-12)	2	[{"changed": {"fields": ["Is approved"]}}]	9	1
72	2025-06-12 12:41:47.583223+00	33	Access: +254799909018 -> first_aid (expires: 2027-06-12)	2	[{"changed": {"fields": ["Is approved"]}}]	9	1
73	2025-06-12 12:44:29.057472+00	42	Access: +254726923196 -> fire_safety (expires: 2027-06-12)	2	[{"changed": {"fields": ["Is approved"]}}]	9	1
74	2025-06-12 16:09:16.435923+00	43	Access: +254759635433 -> first_aid (expires: 2027-06-12)	2	[{"changed": {"fields": ["Is approved"]}}]	9	1
75	2025-06-12 16:09:24.316993+00	44	Access: +254710818117 -> first_aid (expires: 2027-06-12)	2	[{"changed": {"fields": ["Is approved"]}}]	9	1
76	2025-06-13 03:24:33.128509+00	42	Access: +254726923196 -> first_aid (expires: 2027-06-12)	2	[{"changed": {"fields": ["Course", "Is approved"]}}]	9	1
77	2025-06-13 03:24:41.345632+00	45	Access: +254795199606 -> fire_safety (expires: 2027-06-12)	2	[{"changed": {"fields": ["Is approved"]}}]	9	1
78	2025-06-13 03:24:55.636835+00	46	Access: +254725018235 -> chemical_safety (expires: 2027-06-13)	2	[{"changed": {"fields": ["Is approved"]}}]	9	1
79	2025-06-13 04:00:00.249505+00	47	Access: +254745407294 -> fire_safety (expires: 2027-06-13)	2	[{"changed": {"fields": ["Is approved"]}}]	9	1
80	2025-06-13 04:02:35.936672+00	48	Access: +254713623632 -> first_aid (expires: 2027-06-13)	2	[{"changed": {"fields": ["Is approved"]}}]	9	1
81	2025-06-13 04:28:47.834759+00	49	Access: +254719485202 -> fire_safety (expires: 2027-06-13)	2	[{"changed": {"fields": ["Is approved"]}}]	9	1
82	2025-06-13 04:28:54.171135+00	50	Access: +254719485202 -> first_aid (expires: 2027-06-13)	2	[{"changed": {"fields": ["Is approved"]}}]	9	1
83	2025-06-13 05:16:23.326174+00	51	Access: +254743099691 -> fire_safety (expires: 2027-06-13)	2	[{"changed": {"fields": ["Is approved"]}}]	9	1
84	2025-06-13 05:17:24.426226+00	18	Access: +254706970169 -> fire_safety (expires: 2027-06-08)	2	[{"changed": {"fields": ["Course"]}}]	9	1
85	2025-06-13 05:51:26.589362+00	52	Access: +254745407294 -> chemical_safety (expires: 2027-06-13)	2	[{"changed": {"fields": ["Is approved"]}}]	9	1
86	2025-06-13 07:37:16.34048+00	53	Access: +254795199606 -> first_aid (expires: 2027-06-13)	2	[{"changed": {"fields": ["Is approved"]}}]	9	1
87	2025-06-13 10:10:44.430019+00	54	Access: +254769905187 -> first_aid (expires: 2027-06-13)	2	[{"changed": {"fields": ["Is approved"]}}]	9	1
88	2025-06-13 10:10:52.276529+00	55	Access: +254769905187 -> safety_committee (expires: 2027-06-13)	2	[{"changed": {"fields": ["Is approved"]}}]	9	1
89	2025-06-13 17:08:42.086251+00	56	Access: +254792290327 -> scaffolding_safety (expires: 2027-06-13)	2	[{"changed": {"fields": ["Is approved"]}}]	9	1
90	2025-06-14 17:53:19.28716+00	31	Access: +254758862979 -> fire_safety (expires: 2027-06-12)	3		9	1
91	2025-06-14 17:53:33.045601+00	58	Access: +254758862979 -> scaffolding_safety (expires: 2027-06-14)	2	[{"changed": {"fields": ["Is approved"]}}]	9	1
92	2025-06-16 07:07:57.605364+00	63	Access: +254741768849 -> safety_committee (expires: 2027-06-16)	2	[{"changed": {"fields": ["Is approved"]}}]	9	1
93	2025-06-16 07:08:06.056543+00	64	Access: +254728039900 -> safety_committee (expires: 2027-06-16)	2	[{"changed": {"fields": ["Is approved"]}}]	9	1
94	2025-06-16 07:08:13.428498+00	65	Access: +254795566202 -> safety_committee (expires: 2027-06-16)	2	[{"changed": {"fields": ["Is approved"]}}]	9	1
95	2025-06-16 07:08:28.037922+00	66	Access: +254741768847 -> safety_committee (expires: 2027-06-16)	2	[{"changed": {"fields": ["Is approved"]}}]	9	1
96	2025-06-16 07:08:33.86343+00	67	Access: +254729236363 -> safety_committee (expires: 2027-06-16)	2	[{"changed": {"fields": ["Is approved"]}}]	9	1
97	2025-06-16 07:08:56.087901+00	62	Access: +254721568111 -> safety_committee (expires: 2027-06-16)	2	[{"changed": {"fields": ["Is approved"]}}]	9	1
98	2025-06-16 07:10:10.046077+00	59	Access: +254725018235 -> first_aid (expires: 2027-06-15)	2	[{"changed": {"fields": ["Is approved"]}}]	9	1
99	2025-06-17 04:34:19.776791+00	77	Access: +254706854234 -> first_aid (expires: 2027-06-17)	2	[{"changed": {"fields": ["Is approved"]}}]	9	1
100	2025-06-17 04:34:28.811223+00	76	Access: +254719126437 -> first_aid (expires: 2027-06-17)	2	[{"changed": {"fields": ["Is approved"]}}]	9	1
101	2025-06-17 04:34:37.399366+00	74	Access: +254701547806 -> first_aid (expires: 2027-06-16)	2	[{"changed": {"fields": ["Is approved"]}}]	9	1
102	2025-06-17 04:34:47.743347+00	73	Access: +254706854234 -> first_aid (expires: 2027-06-16)	2	[{"changed": {"fields": ["Is approved"]}}]	9	1
103	2025-06-17 04:35:07.643389+00	72	Access: +254721651089 -> first_aid (expires: 2027-06-16)	2	[{"changed": {"fields": ["Is approved"]}}]	9	1
104	2025-06-17 04:35:17.064335+00	71	Access: +254798062078 -> first_aid (expires: 2027-06-16)	2	[{"changed": {"fields": ["Is approved"]}}]	9	1
105	2025-06-17 04:35:27.461483+00	70	Access: +254713648511 -> first_aid (expires: 2027-06-16)	2	[{"changed": {"fields": ["Is approved"]}}]	9	1
106	2025-06-17 04:35:46.38288+00	69	Access: +254707137105 -> safety_committee (expires: 2027-06-16)	2	[{"changed": {"fields": ["Is approved"]}}]	9	1
107	2025-06-17 04:35:57.277908+00	68	Access: +254707137105 -> safety_committee (expires: 2027-06-16)	2	[{"changed": {"fields": ["Is approved"]}}]	9	1
108	2025-06-17 05:38:40.769435+00	80	Access: +254708518091 -> safety_committee (expires: 2027-06-17)	2	[{"changed": {"fields": ["Is approved"]}}]	9	1
109	2025-06-17 05:38:47.744623+00	79	Access: +254793719355 -> safety_committee (expires: 2027-06-17)	2	[{"changed": {"fields": ["Is approved"]}}]	9	1
110	2025-06-17 05:38:58.914624+00	78	Access: +254721651089 -> first_aid (expires: 2027-06-17)	2	[{"changed": {"fields": ["Is approved"]}}]	9	1
111	2025-06-17 06:22:37.674237+00	85	Access: +254741442807 -> first_aid (expires: 2027-06-17)	2	[{"changed": {"fields": ["Is approved"]}}]	9	1
112	2025-06-17 06:22:51.152423+00	83	Access: +254796315662 -> first_aid (expires: 2027-06-17)	2	[{"changed": {"fields": ["Is approved"]}}]	9	1
\.


--
-- Data for Name: django_content_type; Type: TABLE DATA; Schema: public; Owner: -
--

COPY public.django_content_type (id, app_label, model) FROM stdin;
1	admin	logentry
2	auth	permission
3	auth	group
4	auth	user
5	contenttypes	contenttype
6	sessions	session
7	kaileys_app	course
8	kaileys_app	organization
9	kaileys_app	accessgrant
10	kaileys_app	accesscode
11	kaileys_app	trainee
\.


--
-- Data for Name: django_migrations; Type: TABLE DATA; Schema: public; Owner: -
--

COPY public.django_migrations (id, app, name, applied) FROM stdin;
1	contenttypes	0001_initial	2025-05-26 11:41:01.316837+00
2	auth	0001_initial	2025-05-26 11:41:01.524974+00
3	admin	0001_initial	2025-05-26 11:41:01.607317+00
4	admin	0002_logentry_remove_auto_add	2025-05-26 11:41:01.612716+00
5	admin	0003_logentry_add_action_flag_choices	2025-05-26 11:41:01.617703+00
6	contenttypes	0002_remove_content_type_name	2025-05-26 11:41:01.699069+00
7	auth	0002_alter_permission_name_max_length	2025-05-26 11:41:01.70578+00
8	auth	0003_alter_user_email_max_length	2025-05-26 11:41:01.793633+00
9	auth	0004_alter_user_username_opts	2025-05-26 11:41:01.803114+00
10	auth	0005_alter_user_last_login_null	2025-05-26 11:41:01.810847+00
11	auth	0006_require_contenttypes_0002	2025-05-26 11:41:01.892827+00
12	auth	0007_alter_validators_add_error_messages	2025-05-26 11:41:01.899128+00
13	auth	0008_alter_user_username_max_length	2025-05-26 11:41:01.909829+00
14	auth	0009_alter_user_last_name_max_length	2025-05-26 11:41:01.915382+00
15	auth	0010_alter_group_name_max_length	2025-05-26 11:41:01.999029+00
16	auth	0011_update_proxy_permissions	2025-05-26 11:41:02.007812+00
17	auth	0012_alter_user_first_name_max_length	2025-05-26 11:41:02.095329+00
18	kaileys_app	0001_initial	2025-05-26 11:41:02.213307+00
19	kaileys_app	0002_alter_course_name	2025-05-26 11:41:02.224896+00
20	kaileys_app	0003_alter_accesscode_code	2025-05-26 11:41:02.233739+00
21	kaileys_app	0004_alter_accesscode_code_alter_course_name_and_more	2025-05-26 11:41:02.307971+00
22	sessions	0001_initial	2025-05-26 11:41:02.319219+00
23	kaileys_app	0005_delete_accesscode	2025-06-04 08:28:49.426112+00
24	kaileys_app	0006_trainee_full_name	2025-06-04 21:22:52.319417+00
25	kaileys_app	0007_accessgrant_is_approved	2025-06-05 15:06:26.181811+00
26	kaileys_app	0008_alter_course_name	2025-06-12 11:14:17.934627+00
27	kaileys_app	0009_alter_course_name	2025-06-12 12:34:59.214646+00
28	kaileys_app	0010_alter_course_name	2025-06-14 17:17:46.154891+00
\.


--
-- Data for Name: django_session; Type: TABLE DATA; Schema: public; Owner: -
--

COPY public.django_session (session_key, session_data, expire_date) FROM stdin;
npt7lg349o8jh4fcrr2kr9nhgsahmy3q	.eJxVjEEOwiAQRe_C2hDpAAMu3fcMhIFBqoYmpV0Z765NutDtf-_9lwhxW2vYOi9hyuIilDj9bhTTg9sO8j222yzT3NZlIrkr8qBdjnPm5_Vw_w5q7PVbJ0br8Ky1GoAYymCdclx08S4xKQ9oATSaHJ1CJCBvNALEXLJJtijx_gDIKDde:1uJWpE:q2W29eKSprjctpMswJFH-n4FfEqUOoocFXYFQoiJ5OY	2025-06-09 12:21:04.331577+00
l1k3qz1wj7mox8avrold0szx268ricbf	.eJxVjEEOwiAQRe_C2hDpAAMu3fcMhIFBqoYmpV0Z765NutDtf-_9lwhxW2vYOi9hyuIilDj9bhTTg9sO8j222yzT3NZlIrkr8qBdjnPm5_Vw_w5q7PVbJ0br8Ky1GoAYymCdclx08S4xKQ9oATSaHJ1CJCBvNALEXLJJtijx_gDIKDde:1uLif2:Ppz8t0cZV7JIo2urMwENSposrBjT2RyjjqQEI_tmQ54	2025-06-15 13:23:36.421708+00
m02778lwplb4islr9ij3rdsqckvc9n2u	.eJxVjEEOwiAQRe_C2hDpAAMu3fcMhIFBqoYmpV0Z765NutDtf-_9lwhxW2vYOi9hyuIilDj9bhTTg9sO8j222yzT3NZlIrkr8qBdjnPm5_Vw_w5q7PVbJ0br8Ky1GoAYymCdclx08S4xKQ9oATSaHJ1CJCBvNALEXLJJtijx_gDIKDde:1uLimW:cUpuSzs9OHvJkMUjJSxF32H87jQCNh2oYSiGnaUQkgY	2025-06-15 13:31:20.120269+00
gmdro4k7qp5imhuwrdulaugm1xd0p1u4	.eJxVjEEOwiAQRe_C2hDpAAMu3fcMhIFBqoYmpV0Z765NutDtf-_9lwhxW2vYOi9hyuIilDj9bhTTg9sO8j222yzT3NZlIrkr8qBdjnPm5_Vw_w5q7PVbJ0br8Ky1GoAYymCdclx08S4xKQ9oATSaHJ1CJCBvNALEXLJJtijx_gDIKDde:1uMQvR:bP5V1GOHN4oQmzPD0X4sAkVZsiDvDMRce34-0SOzJug	2025-06-17 12:39:29.864658+00
4mjdohv9k2etbil32muomfyvmpzckqlp	.eJxVjEEOwiAQRe_C2hDpAAMu3fcMhIFBqoYmpV0Z765NutDtf-_9lwhxW2vYOi9hyuIilDj9bhTTg9sO8j222yzT3NZlIrkr8qBdjnPm5_Vw_w5q7PVbJ0br8Ky1GoAYymCdclx08S4xKQ9oATSaHJ1CJCBvNALEXLJJtijx_gDIKDde:1uPNNL:W2ChgbB8tFNy3yn9nwQEoKhzARAfJI8qTMWgXu4gAY8	2025-06-25 15:28:27.749825+00
7m90b6lz1bcoqudwcflbpt3wrbgf52ry	.eJxVjEEOwiAQRe_C2hDpAAMu3fcMhIFBqoYmpV0Z765NutDtf-_9lwhxW2vYOi9hyuIilDj9bhTTg9sO8j222yzT3NZlIrkr8qBdjnPm5_Vw_w5q7PVbJ0br8Ky1GoAYymCdclx08S4xKQ9oATSaHJ1CJCBvNALEXLJJtijx_gDIKDde:1uPNeG:sD_mbsaTNiX97dnZy1Sx8wilg9OoTAmi8j1exxdAYJo	2025-06-25 15:45:56.10004+00
88uvi72rd4s0q90hs1xa9n4620amp5nk	.eJxVjEEOwiAQRe_C2hDpAAMu3fcMhIFBqoYmpV0Z765NutDtf-_9lwhxW2vYOi9hyuIilDj9bhTTg9sO8j222yzT3NZlIrkr8qBdjnPm5_Vw_w5q7PVbJ0br8Ky1GoAYymCdclx08S4xKQ9oATSaHJ1CJCBvNALEXLJJtijx_gDIKDde:1uR3vw:2rjfaX4Toc8At1oZ0jYD-jeX1fVt2onGkGn3jFYZFL8	2025-06-30 07:07:08.146186+00
\.


--
-- Data for Name: kaileys_app_accessgrant; Type: TABLE DATA; Schema: public; Owner: -
--

COPY public.kaileys_app_accessgrant (id, access_granted_at, expires_at, course_id, trainee_id, is_approved) FROM stdin;
42	2025-06-12 12:39:05.566052+00	2027-06-12 12:39:05+00	4	36	t
45	2025-06-12 18:31:49.480764+00	2027-06-12 18:31:49+00	3	39	t
46	2025-06-13 02:52:20.958377+00	2027-06-13 02:52:20+00	7	40	t
47	2025-06-13 03:59:10.00237+00	2027-06-13 03:59:10+00	3	41	t
48	2025-06-13 04:01:31.861239+00	2027-06-13 04:01:31+00	4	20	t
49	2025-06-13 04:21:09.472287+00	2027-06-13 04:21:09+00	3	42	t
50	2025-06-13 04:22:42.715164+00	2027-06-13 04:22:42+00	4	42	t
51	2025-06-13 04:55:26.818573+00	2027-06-13 04:55:26+00	3	43	t
18	2025-06-08 19:48:55.911738+00	2027-06-08 19:48:55+00	3	16	t
52	2025-06-13 05:32:23.525914+00	2027-06-13 05:32:23+00	7	41	t
53	2025-06-13 07:21:43.76415+00	2027-06-13 07:21:43+00	4	39	t
54	2025-06-13 08:38:07.954252+00	2027-06-13 08:38:07+00	4	23	t
55	2025-06-13 08:38:57.019786+00	2027-06-13 08:38:57+00	5	23	t
19	2025-06-09 11:56:27.370907+00	2027-06-09 11:56:27+00	3	17	t
82	2025-06-17 05:46:54.374224+00	2027-06-17 05:46:54.374065+00	4	68	f
21	2025-06-11 19:23:48.720061+00	2027-06-11 19:23:48+00	5	19	t
26	2025-06-11 20:16:46.351079+00	2027-06-11 20:16:46+00	4	22	t
25	2025-06-11 20:15:45.238324+00	2027-06-11 20:15:45+00	3	19	t
24	2025-06-11 20:12:56.579204+00	2027-06-11 20:12:56+00	3	22	t
23	2025-06-11 19:34:48.240149+00	2027-06-11 19:34:48+00	3	21	t
22	2025-06-11 19:28:37.573563+00	2027-06-11 19:28:37+00	3	20	t
27	2025-06-12 05:43:22.49713+00	2027-06-12 05:43:22+00	3	23	t
28	2025-06-12 06:14:53.196456+00	2027-06-12 06:14:53+00	5	24	t
29	2025-06-12 07:01:25.764274+00	2027-06-12 07:01:25+00	5	22	t
30	2025-06-12 09:07:05.126002+00	2027-06-12 09:07:05+00	4	25	t
32	2025-06-12 10:22:22.646123+00	2027-06-12 10:22:22+00	4	27	t
56	2025-06-13 11:45:03.853093+00	2027-06-13 11:45:03+00	6	44	t
57	2025-06-14 09:01:50.464387+00	2027-06-14 09:01:50.464178+00	4	45	f
40	2025-06-12 12:25:22.981187+00	2027-06-12 12:25:22+00	4	35	t
39	2025-06-12 12:24:54.711044+00	2027-06-12 12:24:54+00	4	34	t
38	2025-06-12 12:24:38.477967+00	2027-06-12 12:24:38+00	4	33	t
37	2025-06-12 12:24:32.375045+00	2027-06-12 12:24:32+00	4	32	t
36	2025-06-12 12:24:32.106503+00	2027-06-12 12:24:32+00	4	31	t
35	2025-06-12 12:24:20.954908+00	2027-06-12 12:24:20+00	4	30	t
34	2025-06-12 12:24:14.109199+00	2027-06-12 12:24:14+00	4	29	t
33	2025-06-12 12:24:05.025665+00	2027-06-12 12:24:05+00	4	28	t
84	2025-06-17 05:48:27.094392+00	2027-06-17 05:48:27.094267+00	4	70	f
43	2025-06-12 13:22:42.386429+00	2027-06-12 13:22:42+00	4	37	t
44	2025-06-12 15:23:44.439894+00	2027-06-12 15:23:44+00	4	38	t
58	2025-06-14 17:53:01.056777+00	2027-06-14 17:53:01+00	6	26	t
60	2025-06-15 06:55:04.191116+00	2027-06-15 06:55:04.190884+00	7	46	f
61	2025-06-15 17:53:35.841871+00	2027-06-15 17:53:35.841637+00	4	47	f
63	2025-06-16 06:37:44.354967+00	2027-06-16 06:37:44+00	5	49	t
64	2025-06-16 06:37:50.4915+00	2027-06-16 06:37:50+00	5	50	t
65	2025-06-16 06:38:31.914385+00	2027-06-16 06:38:31+00	5	51	t
66	2025-06-16 06:40:04.83977+00	2027-06-16 06:40:04+00	5	52	t
67	2025-06-16 07:07:34.354799+00	2027-06-16 07:07:34+00	5	53	t
62	2025-06-16 06:37:08.183427+00	2027-06-16 06:37:08+00	5	48	t
59	2025-06-15 06:35:44.309618+00	2027-06-15 06:35:44+00	4	40	t
75	2025-06-16 13:48:22.347795+00	2027-06-16 13:48:22.34754+00	5	61	f
77	2025-06-17 04:33:09.378138+00	2027-06-17 04:33:09+00	4	63	t
76	2025-06-17 04:16:54.281603+00	2027-06-17 04:16:54+00	4	62	t
74	2025-06-16 11:18:00.570789+00	2027-06-16 11:18:00+00	4	60	t
73	2025-06-16 11:10:19.281823+00	2027-06-16 11:10:19+00	4	59	t
72	2025-06-16 11:08:08.199861+00	2027-06-16 11:08:08+00	4	58	t
71	2025-06-16 11:01:05.605677+00	2027-06-16 11:01:05+00	4	57	t
70	2025-06-16 09:19:55.512989+00	2027-06-16 09:19:55+00	4	56	t
69	2025-06-16 07:33:14.28548+00	2027-06-16 07:33:14+00	5	55	t
68	2025-06-16 07:11:32.664566+00	2027-06-16 07:11:32+00	5	54	t
80	2025-06-17 05:36:40.258918+00	2027-06-17 05:36:40+00	5	66	t
79	2025-06-17 05:36:10.565205+00	2027-06-17 05:36:10+00	5	65	t
78	2025-06-17 04:50:48.390557+00	2027-06-17 04:50:48+00	4	64	t
81	2025-06-17 05:41:04.996297+00	2027-06-17 05:41:04.996131+00	5	67	f
85	2025-06-17 05:55:17.456929+00	2027-06-17 05:55:17+00	4	71	t
83	2025-06-17 05:48:26.519452+00	2027-06-17 05:48:26+00	4	69	t
86	2025-06-17 06:36:11.413451+00	2027-06-17 06:36:11.413283+00	5	39	f
87	2025-06-17 09:00:29.956652+00	2027-06-17 09:00:29.95651+00	5	72	f
88	2025-06-17 11:15:32.080375+00	2027-06-17 11:15:32.080182+00	8	71	f
\.


--
-- Data for Name: kaileys_app_course; Type: TABLE DATA; Schema: public; Owner: -
--

COPY public.kaileys_app_course (id, name) FROM stdin;
3	fire_safety
4	first_aid
5	safety_committee
6	scaffolding_safety
7	chemical_safety
8	confined_space_safety
\.


--
-- Data for Name: kaileys_app_organization; Type: TABLE DATA; Schema: public; Owner: -
--

COPY public.kaileys_app_organization (id, name, country) FROM stdin;
6	Kaileys New	Kenya
7	KAILEYS CONSORTIUM	Kenya
9	Kaileys Consortium Limited	Kenya
10	Kaileys	Kenya
11	Kailey's Consortium	Kenya
12	kakuzi plc	Kenya
13	Tekuza	Kenya
14	Bohemian do flowers	Kenya
15	Bohemian Flowers	Kenya
16	Bohemian	Kenya
17	BOHEMIAN FLOWERS LIMITED	Kenya
18	Bohemian  Flowers	Kenya
19	kakuzi plc ltd	Kenya
20	Bohemian flowers company	Kenya
21	Kaileys Consortium Ltd	Kenya
22	Mount Elgon Orchards ltd	Kenya
23	Astral Aviation Ltd	Kenya
24	Astral Aviation	Kenya
25	Astral Aviation Limited	Kenya
26	PLANTLAB	Kenya
27	Plantlab Kenya limited	Kenya
28	Plant Lab Ltd	Kenya
29	Plantlab limited Kenya	Kenya
30	Keileys Consortium Ltd	Kenya
31	Plant Lab	Kenya
32	Hermisons	Kenya
33	hermison	Kenya
34	kailey's consortiom ltd	Kenya
35	shalimar kabuku farm ltd	Kenya
36	Plantlab ltd	Kenya
37	SHALIMAR FRESH	Kenya
\.


--
-- Data for Name: kaileys_app_trainee; Type: TABLE DATA; Schema: public; Owner: -
--

COPY public.kaileys_app_trainee (id, phone_number, organization_id, full_name) FROM stdin;
16	+254706970169	6	Ken Kogei
17	+254719611883	7	LILY CHEPKEMOI
19	+254704545223	7	Victor Kigen
20	+254713623632	9	Mary Wanjiru Mwangi
21	+254741233637	10	Getty
22	+254720536020	7	maxmila jebet
23	+254769905187	11	Precious Jewel
24	+254719611886	7	LILY CHEPKEMOI
25	+254758241659	12	Stephen odhiambo obonyo
26	+254758862979	13	Ashly
27	+254724148939	14	Gideon Gathitu
28	+254799909018	15	gentrix Nabututu
29	+254721705301	15	KOECH KIPROTICH ROBERT
30	+254113314980	16	Luke Barasa
31	+254759422252	17	SHADRACK IJESUN
32	+254720270776	16	paul thuo
33	+254705113099	18	Dalmas Mu
34	+254113210164	15	Tabitha wanjiku mukoma
35	+254729205041	16	Nanies Gatwiri
36	+254726923196	15	Kennedy Kasire Ayuya
37	+254759635433	19	emily kiburio
38	+254710818117	20	Lynne Siminyu
39	+254795199606	7	Raphael Simiyu
40	+254725018235	7	Roy Kamengele
41	+254745407294	7	Yvonne Mulinge
42	+254719485202	21	Tabby Mwangi
43	+254743099691	7	Collins Genya
44	+254792290327	7	victor ombogo
45	+254798011720	17	Lydiah Adhiambo
46	+254100364390	22	isaac wakhungu
47	+254729205041	15	Nanies Gatwiri
48	+254721568111	23	Thomas Chimwene
49	+254741768849	24	George Ogutu
50	+254728039900	25	Lither Ndanu
51	+254795566202	24	Cornelius Muraya kinyanjui
52	+254741768847	24	George Ogutu
53	+254729236363	23	Alfred Ngala
54	+254707137105	25	Samwel Otieno
55	+254707137105	24	Samwel Otieno
56	+254713648511	26	JOSEPH WANJOHI
57	+254798062078	27	Kennedy Mwangangi
58	+254721651089	28	Carol Ronny
59	+254706854234	29	Amos Onyinkwa Nyamesa
60	+254701547806	26	Jerioth Wangui
61	+254702579273	30	Daniel Marwa
62	+254719126437	26	Beatrice Akoth Owino
63	+254706854234	27	Amos Onyinkwa Nyamesa
64	+254721651089	31	Carol Ronny
65	+254793719355	32	ABIGAEL BINSARI MARUBE
66	+254708518091	32	Harriet
67	+254710884381	33	amos mutuku
68	+254796315662	34	Emmanuel muli
69	+254796315662	35	Emmanuel muli
70	+254701547806	36	Jerioth Wangui
71	+254741442807	37	DENNIS OSORO
72	+254707218159	32	Samuel Kamau Kuria
\.


--
-- Name: auth_group_id_seq; Type: SEQUENCE SET; Schema: public; Owner: -
--

SELECT pg_catalog.setval('public.auth_group_id_seq', 1, false);


--
-- Name: auth_group_permissions_id_seq; Type: SEQUENCE SET; Schema: public; Owner: -
--

SELECT pg_catalog.setval('public.auth_group_permissions_id_seq', 1, false);


--
-- Name: auth_permission_id_seq; Type: SEQUENCE SET; Schema: public; Owner: -
--

SELECT pg_catalog.setval('public.auth_permission_id_seq', 44, true);


--
-- Name: auth_user_groups_id_seq; Type: SEQUENCE SET; Schema: public; Owner: -
--

SELECT pg_catalog.setval('public.auth_user_groups_id_seq', 1, false);


--
-- Name: auth_user_id_seq; Type: SEQUENCE SET; Schema: public; Owner: -
--

SELECT pg_catalog.setval('public.auth_user_id_seq', 1, true);


--
-- Name: auth_user_user_permissions_id_seq; Type: SEQUENCE SET; Schema: public; Owner: -
--

SELECT pg_catalog.setval('public.auth_user_user_permissions_id_seq', 1, false);


--
-- Name: django_admin_log_id_seq; Type: SEQUENCE SET; Schema: public; Owner: -
--

SELECT pg_catalog.setval('public.django_admin_log_id_seq', 112, true);


--
-- Name: django_content_type_id_seq; Type: SEQUENCE SET; Schema: public; Owner: -
--

SELECT pg_catalog.setval('public.django_content_type_id_seq', 11, true);


--
-- Name: django_migrations_id_seq; Type: SEQUENCE SET; Schema: public; Owner: -
--

SELECT pg_catalog.setval('public.django_migrations_id_seq', 28, true);


--
-- Name: kaileys_app_accessgrant_id_seq; Type: SEQUENCE SET; Schema: public; Owner: -
--

SELECT pg_catalog.setval('public.kaileys_app_accessgrant_id_seq', 88, true);


--
-- Name: kaileys_app_course_id_seq; Type: SEQUENCE SET; Schema: public; Owner: -
--

SELECT pg_catalog.setval('public.kaileys_app_course_id_seq', 8, true);


--
-- Name: kaileys_app_organization_id_seq; Type: SEQUENCE SET; Schema: public; Owner: -
--

SELECT pg_catalog.setval('public.kaileys_app_organization_id_seq', 37, true);


--
-- Name: kaileys_app_trainee_id_seq; Type: SEQUENCE SET; Schema: public; Owner: -
--

SELECT pg_catalog.setval('public.kaileys_app_trainee_id_seq', 72, true);


--
-- Name: auth_group auth_group_name_key; Type: CONSTRAINT; Schema: public; Owner: -
--

ALTER TABLE ONLY public.auth_group
    ADD CONSTRAINT auth_group_name_key UNIQUE (name);


--
-- Name: auth_group_permissions auth_group_permissions_group_id_permission_id_0cd325b0_uniq; Type: CONSTRAINT; Schema: public; Owner: -
--

ALTER TABLE ONLY public.auth_group_permissions
    ADD CONSTRAINT auth_group_permissions_group_id_permission_id_0cd325b0_uniq UNIQUE (group_id, permission_id);


--
-- Name: auth_group_permissions auth_group_permissions_pkey; Type: CONSTRAINT; Schema: public; Owner: -
--

ALTER TABLE ONLY public.auth_group_permissions
    ADD CONSTRAINT auth_group_permissions_pkey PRIMARY KEY (id);


--
-- Name: auth_group auth_group_pkey; Type: CONSTRAINT; Schema: public; Owner: -
--

ALTER TABLE ONLY public.auth_group
    ADD CONSTRAINT auth_group_pkey PRIMARY KEY (id);


--
-- Name: auth_permission auth_permission_content_type_id_codename_01ab375a_uniq; Type: CONSTRAINT; Schema: public; Owner: -
--

ALTER TABLE ONLY public.auth_permission
    ADD CONSTRAINT auth_permission_content_type_id_codename_01ab375a_uniq UNIQUE (content_type_id, codename);


--
-- Name: auth_permission auth_permission_pkey; Type: CONSTRAINT; Schema: public; Owner: -
--

ALTER TABLE ONLY public.auth_permission
    ADD CONSTRAINT auth_permission_pkey PRIMARY KEY (id);


--
-- Name: auth_user_groups auth_user_groups_pkey; Type: CONSTRAINT; Schema: public; Owner: -
--

ALTER TABLE ONLY public.auth_user_groups
    ADD CONSTRAINT auth_user_groups_pkey PRIMARY KEY (id);


--
-- Name: auth_user_groups auth_user_groups_user_id_group_id_94350c0c_uniq; Type: CONSTRAINT; Schema: public; Owner: -
--

ALTER TABLE ONLY public.auth_user_groups
    ADD CONSTRAINT auth_user_groups_user_id_group_id_94350c0c_uniq UNIQUE (user_id, group_id);


--
-- Name: auth_user auth_user_pkey; Type: CONSTRAINT; Schema: public; Owner: -
--

ALTER TABLE ONLY public.auth_user
    ADD CONSTRAINT auth_user_pkey PRIMARY KEY (id);


--
-- Name: auth_user_user_permissions auth_user_user_permissions_pkey; Type: CONSTRAINT; Schema: public; Owner: -
--

ALTER TABLE ONLY public.auth_user_user_permissions
    ADD CONSTRAINT auth_user_user_permissions_pkey PRIMARY KEY (id);


--
-- Name: auth_user_user_permissions auth_user_user_permissions_user_id_permission_id_14a6b632_uniq; Type: CONSTRAINT; Schema: public; Owner: -
--

ALTER TABLE ONLY public.auth_user_user_permissions
    ADD CONSTRAINT auth_user_user_permissions_user_id_permission_id_14a6b632_uniq UNIQUE (user_id, permission_id);


--
-- Name: auth_user auth_user_username_key; Type: CONSTRAINT; Schema: public; Owner: -
--

ALTER TABLE ONLY public.auth_user
    ADD CONSTRAINT auth_user_username_key UNIQUE (username);


--
-- Name: django_admin_log django_admin_log_pkey; Type: CONSTRAINT; Schema: public; Owner: -
--

ALTER TABLE ONLY public.django_admin_log
    ADD CONSTRAINT django_admin_log_pkey PRIMARY KEY (id);


--
-- Name: django_content_type django_content_type_app_label_model_76bd3d3b_uniq; Type: CONSTRAINT; Schema: public; Owner: -
--

ALTER TABLE ONLY public.django_content_type
    ADD CONSTRAINT django_content_type_app_label_model_76bd3d3b_uniq UNIQUE (app_label, model);


--
-- Name: django_content_type django_content_type_pkey; Type: CONSTRAINT; Schema: public; Owner: -
--

ALTER TABLE ONLY public.django_content_type
    ADD CONSTRAINT django_content_type_pkey PRIMARY KEY (id);


--
-- Name: django_migrations django_migrations_pkey; Type: CONSTRAINT; Schema: public; Owner: -
--

ALTER TABLE ONLY public.django_migrations
    ADD CONSTRAINT django_migrations_pkey PRIMARY KEY (id);


--
-- Name: django_session django_session_pkey; Type: CONSTRAINT; Schema: public; Owner: -
--

ALTER TABLE ONLY public.django_session
    ADD CONSTRAINT django_session_pkey PRIMARY KEY (session_key);


--
-- Name: kaileys_app_accessgrant kaileys_app_accessgrant_pkey; Type: CONSTRAINT; Schema: public; Owner: -
--

ALTER TABLE ONLY public.kaileys_app_accessgrant
    ADD CONSTRAINT kaileys_app_accessgrant_pkey PRIMARY KEY (id);


--
-- Name: kaileys_app_course kaileys_app_course_name_bfb7fcf5_uniq; Type: CONSTRAINT; Schema: public; Owner: -
--

ALTER TABLE ONLY public.kaileys_app_course
    ADD CONSTRAINT kaileys_app_course_name_bfb7fcf5_uniq UNIQUE (name);


--
-- Name: kaileys_app_course kaileys_app_course_pkey; Type: CONSTRAINT; Schema: public; Owner: -
--

ALTER TABLE ONLY public.kaileys_app_course
    ADD CONSTRAINT kaileys_app_course_pkey PRIMARY KEY (id);


--
-- Name: kaileys_app_organization kaileys_app_organization_pkey; Type: CONSTRAINT; Schema: public; Owner: -
--

ALTER TABLE ONLY public.kaileys_app_organization
    ADD CONSTRAINT kaileys_app_organization_pkey PRIMARY KEY (id);


--
-- Name: kaileys_app_trainee kaileys_app_trainee_phone_number_organization_id_f92c38d1_uniq; Type: CONSTRAINT; Schema: public; Owner: -
--

ALTER TABLE ONLY public.kaileys_app_trainee
    ADD CONSTRAINT kaileys_app_trainee_phone_number_organization_id_f92c38d1_uniq UNIQUE (phone_number, organization_id);


--
-- Name: kaileys_app_trainee kaileys_app_trainee_pkey; Type: CONSTRAINT; Schema: public; Owner: -
--

ALTER TABLE ONLY public.kaileys_app_trainee
    ADD CONSTRAINT kaileys_app_trainee_pkey PRIMARY KEY (id);


--
-- Name: auth_group_name_a6ea08ec_like; Type: INDEX; Schema: public; Owner: -
--

CREATE INDEX auth_group_name_a6ea08ec_like ON public.auth_group USING btree (name varchar_pattern_ops);


--
-- Name: auth_group_permissions_group_id_b120cbf9; Type: INDEX; Schema: public; Owner: -
--

CREATE INDEX auth_group_permissions_group_id_b120cbf9 ON public.auth_group_permissions USING btree (group_id);


--
-- Name: auth_group_permissions_permission_id_84c5c92e; Type: INDEX; Schema: public; Owner: -
--

CREATE INDEX auth_group_permissions_permission_id_84c5c92e ON public.auth_group_permissions USING btree (permission_id);


--
-- Name: auth_permission_content_type_id_2f476e4b; Type: INDEX; Schema: public; Owner: -
--

CREATE INDEX auth_permission_content_type_id_2f476e4b ON public.auth_permission USING btree (content_type_id);


--
-- Name: auth_user_groups_group_id_97559544; Type: INDEX; Schema: public; Owner: -
--

CREATE INDEX auth_user_groups_group_id_97559544 ON public.auth_user_groups USING btree (group_id);


--
-- Name: auth_user_groups_user_id_6a12ed8b; Type: INDEX; Schema: public; Owner: -
--

CREATE INDEX auth_user_groups_user_id_6a12ed8b ON public.auth_user_groups USING btree (user_id);


--
-- Name: auth_user_user_permissions_permission_id_1fbb5f2c; Type: INDEX; Schema: public; Owner: -
--

CREATE INDEX auth_user_user_permissions_permission_id_1fbb5f2c ON public.auth_user_user_permissions USING btree (permission_id);


--
-- Name: auth_user_user_permissions_user_id_a95ead1b; Type: INDEX; Schema: public; Owner: -
--

CREATE INDEX auth_user_user_permissions_user_id_a95ead1b ON public.auth_user_user_permissions USING btree (user_id);


--
-- Name: auth_user_username_6821ab7c_like; Type: INDEX; Schema: public; Owner: -
--

CREATE INDEX auth_user_username_6821ab7c_like ON public.auth_user USING btree (username varchar_pattern_ops);


--
-- Name: django_admin_log_content_type_id_c4bce8eb; Type: INDEX; Schema: public; Owner: -
--

CREATE INDEX django_admin_log_content_type_id_c4bce8eb ON public.django_admin_log USING btree (content_type_id);


--
-- Name: django_admin_log_user_id_c564eba6; Type: INDEX; Schema: public; Owner: -
--

CREATE INDEX django_admin_log_user_id_c564eba6 ON public.django_admin_log USING btree (user_id);


--
-- Name: django_session_expire_date_a5c62663; Type: INDEX; Schema: public; Owner: -
--

CREATE INDEX django_session_expire_date_a5c62663 ON public.django_session USING btree (expire_date);


--
-- Name: django_session_session_key_c0390e0f_like; Type: INDEX; Schema: public; Owner: -
--

CREATE INDEX django_session_session_key_c0390e0f_like ON public.django_session USING btree (session_key varchar_pattern_ops);


--
-- Name: kaileys_app_accessgrant_course_id_dc45981f; Type: INDEX; Schema: public; Owner: -
--

CREATE INDEX kaileys_app_accessgrant_course_id_dc45981f ON public.kaileys_app_accessgrant USING btree (course_id);


--
-- Name: kaileys_app_accessgrant_trainee_id_9b96c8c2; Type: INDEX; Schema: public; Owner: -
--

CREATE INDEX kaileys_app_accessgrant_trainee_id_9b96c8c2 ON public.kaileys_app_accessgrant USING btree (trainee_id);


--
-- Name: kaileys_app_course_name_bfb7fcf5_like; Type: INDEX; Schema: public; Owner: -
--

CREATE INDEX kaileys_app_course_name_bfb7fcf5_like ON public.kaileys_app_course USING btree (name varchar_pattern_ops);


--
-- Name: kaileys_app_trainee_organization_id_2248b933; Type: INDEX; Schema: public; Owner: -
--

CREATE INDEX kaileys_app_trainee_organization_id_2248b933 ON public.kaileys_app_trainee USING btree (organization_id);


--
-- Name: kaileys_app_trainee_phone_number_79e593cd; Type: INDEX; Schema: public; Owner: -
--

CREATE INDEX kaileys_app_trainee_phone_number_79e593cd ON public.kaileys_app_trainee USING btree (phone_number);


--
-- Name: kaileys_app_trainee_phone_number_79e593cd_like; Type: INDEX; Schema: public; Owner: -
--

CREATE INDEX kaileys_app_trainee_phone_number_79e593cd_like ON public.kaileys_app_trainee USING btree (phone_number varchar_pattern_ops);


--
-- Name: auth_group_permissions auth_group_permissio_permission_id_84c5c92e_fk_auth_perm; Type: FK CONSTRAINT; Schema: public; Owner: -
--

ALTER TABLE ONLY public.auth_group_permissions
    ADD CONSTRAINT auth_group_permissio_permission_id_84c5c92e_fk_auth_perm FOREIGN KEY (permission_id) REFERENCES public.auth_permission(id) DEFERRABLE INITIALLY DEFERRED;


--
-- Name: auth_group_permissions auth_group_permissions_group_id_b120cbf9_fk_auth_group_id; Type: FK CONSTRAINT; Schema: public; Owner: -
--

ALTER TABLE ONLY public.auth_group_permissions
    ADD CONSTRAINT auth_group_permissions_group_id_b120cbf9_fk_auth_group_id FOREIGN KEY (group_id) REFERENCES public.auth_group(id) DEFERRABLE INITIALLY DEFERRED;


--
-- Name: auth_permission auth_permission_content_type_id_2f476e4b_fk_django_co; Type: FK CONSTRAINT; Schema: public; Owner: -
--

ALTER TABLE ONLY public.auth_permission
    ADD CONSTRAINT auth_permission_content_type_id_2f476e4b_fk_django_co FOREIGN KEY (content_type_id) REFERENCES public.django_content_type(id) DEFERRABLE INITIALLY DEFERRED;


--
-- Name: auth_user_groups auth_user_groups_group_id_97559544_fk_auth_group_id; Type: FK CONSTRAINT; Schema: public; Owner: -
--

ALTER TABLE ONLY public.auth_user_groups
    ADD CONSTRAINT auth_user_groups_group_id_97559544_fk_auth_group_id FOREIGN KEY (group_id) REFERENCES public.auth_group(id) DEFERRABLE INITIALLY DEFERRED;


--
-- Name: auth_user_groups auth_user_groups_user_id_6a12ed8b_fk_auth_user_id; Type: FK CONSTRAINT; Schema: public; Owner: -
--

ALTER TABLE ONLY public.auth_user_groups
    ADD CONSTRAINT auth_user_groups_user_id_6a12ed8b_fk_auth_user_id FOREIGN KEY (user_id) REFERENCES public.auth_user(id) DEFERRABLE INITIALLY DEFERRED;


--
-- Name: auth_user_user_permissions auth_user_user_permi_permission_id_1fbb5f2c_fk_auth_perm; Type: FK CONSTRAINT; Schema: public; Owner: -
--

ALTER TABLE ONLY public.auth_user_user_permissions
    ADD CONSTRAINT auth_user_user_permi_permission_id_1fbb5f2c_fk_auth_perm FOREIGN KEY (permission_id) REFERENCES public.auth_permission(id) DEFERRABLE INITIALLY DEFERRED;


--
-- Name: auth_user_user_permissions auth_user_user_permissions_user_id_a95ead1b_fk_auth_user_id; Type: FK CONSTRAINT; Schema: public; Owner: -
--

ALTER TABLE ONLY public.auth_user_user_permissions
    ADD CONSTRAINT auth_user_user_permissions_user_id_a95ead1b_fk_auth_user_id FOREIGN KEY (user_id) REFERENCES public.auth_user(id) DEFERRABLE INITIALLY DEFERRED;


--
-- Name: django_admin_log django_admin_log_content_type_id_c4bce8eb_fk_django_co; Type: FK CONSTRAINT; Schema: public; Owner: -
--

ALTER TABLE ONLY public.django_admin_log
    ADD CONSTRAINT django_admin_log_content_type_id_c4bce8eb_fk_django_co FOREIGN KEY (content_type_id) REFERENCES public.django_content_type(id) DEFERRABLE INITIALLY DEFERRED;


--
-- Name: django_admin_log django_admin_log_user_id_c564eba6_fk_auth_user_id; Type: FK CONSTRAINT; Schema: public; Owner: -
--

ALTER TABLE ONLY public.django_admin_log
    ADD CONSTRAINT django_admin_log_user_id_c564eba6_fk_auth_user_id FOREIGN KEY (user_id) REFERENCES public.auth_user(id) DEFERRABLE INITIALLY DEFERRED;


--
-- Name: kaileys_app_accessgrant kaileys_app_accessgr_course_id_dc45981f_fk_kaileys_a; Type: FK CONSTRAINT; Schema: public; Owner: -
--

ALTER TABLE ONLY public.kaileys_app_accessgrant
    ADD CONSTRAINT kaileys_app_accessgr_course_id_dc45981f_fk_kaileys_a FOREIGN KEY (course_id) REFERENCES public.kaileys_app_course(id) DEFERRABLE INITIALLY DEFERRED;


--
-- Name: kaileys_app_accessgrant kaileys_app_accessgr_trainee_id_9b96c8c2_fk_kaileys_a; Type: FK CONSTRAINT; Schema: public; Owner: -
--

ALTER TABLE ONLY public.kaileys_app_accessgrant
    ADD CONSTRAINT kaileys_app_accessgr_trainee_id_9b96c8c2_fk_kaileys_a FOREIGN KEY (trainee_id) REFERENCES public.kaileys_app_trainee(id) DEFERRABLE INITIALLY DEFERRED;


--
-- Name: kaileys_app_trainee kaileys_app_trainee_organization_id_2248b933_fk_kaileys_a; Type: FK CONSTRAINT; Schema: public; Owner: -
--

ALTER TABLE ONLY public.kaileys_app_trainee
    ADD CONSTRAINT kaileys_app_trainee_organization_id_2248b933_fk_kaileys_a FOREIGN KEY (organization_id) REFERENCES public.kaileys_app_organization(id) DEFERRABLE INITIALLY DEFERRED;


--
-- PostgreSQL database dump complete
--

